{
    "keyboard_name": "Space Cowboy",
    "url": "",
    "maintainer": "qmk",
    "width": 16,
    "height": 6,
    "layouts": {
        "LAYOUT": {
            "layout": [
                {"label":"K00 (B2,F0)", "x":0, "y":0},
                {"label":"K01 (B2,F1)", "x":1.25, "y":0},
                {"label":"K02 (B2,F4)", "x":2.25, "y":0},
                {"label":"K03 (B2,F5)", "x":3.25, "y":0},
                {"label":"K04 (B2,F6)", "x":4.25, "y":0},
                {"label":"K05 (B2,F7)", "x":5.5, "y":0},
                {"label":"K06 (B2,D3)", "x":6.5, "y":0},
                {"label":"K07 (B2,D5)", "x":7.5, "y":0},
                {"label":"K08 (B2,D4)", "x":8.5, "y":0},
                {"label":"K09 (B2,D6)", "x":9.75, "y":0},
                {"label":"K0A (B2,D7)", "x":10.75, "y":0},
                {"label":"K0B (B2,B4)", "x":11.75, "y":0},
                {"label":"K0C (B2,B5)", "x":12.75, "y":0},
                {"label":"K0E (B2,C6)", "x":14, "y":0},
                {"label":"K0F (B2,C7)", "x":15, "y":0},
                {"label":"K10 (B3,F0)", "x":0, "y":1},
                {"label":"K11 (B3,F1)", "x":1, "y":1},
                {"label":"K12 (B3,F4)", "x":2, "y":1},
                {"label":"K13 (B3,F5)", "x":3, "y":1},
                {"label":"K14 (B3,F6)", "x":4, "y":1},
                {"label":"K15 (B3,F7)", "x":5, "y":1},
                {"label":"K16 (B3,D3)", "x":6, "y":1},
                {"label":"K17 (B3,D5)", "x":7, "y":1},
                {"label":"K18 (B3,D4)", "x":8, "y":1},
                {"label":"K19 (B3,D6)", "x":9, "y":1},
                {"label":"K1A (B3,D7)", "x":10, "y":1},
                {"label":"K1B (B3,B4)", "x":11, "y":1},
                {"label":"K1C (B3,B5)", "x":12, "y":1},
                {"label":"K1D (B3,B6)", "x":13, "y":1},
                {"label":"K1E (B3,C6)", "x":14, "y":1},
                {"label":"K1F (B3,C7)", "x":15, "y":1},
                {"label":"K20 (B1,F0)", "x":0, "y":2, "w":1.5},
                {"label":"K21 (B1,F1)", "x":1.5, "y":2},
                {"label":"K22 (B1,F4)", "x":2.5, "y":2},
                {"label":"K23 (B1,F5)", "x":3.5, "y":2},
                {"label":"K24 (B1,F6)", "x":4.5, "y":2},
                {"label":"K25 (B1,F7)", "x":5.5, "y":2},
                {"label":"K26 (B1,D3)", "x":6.5, "y":2},
                {"label":"K27 (B1,D5)", "x":7.5, "y":2},
                {"label":"K28 (B1,D4)", "x":8.5, "y":2},
                {"label":"K29 (B1,D6)", "x":9.5, "y":2},
                {"label":"K2A (B1,D7)", "x":10.5, "y":2},
                {"label":"K2B (B1,B4)", "x":11.5, "y":2},
                {"label":"K2C (B1,B5)", "x":12.5, "y":2},
                {"label":"K2D (B1,B6)", "x":13.5, "y":2, "w":1.5},
                {"label":"K2F (B1,C7)", "x":15, "y":2},
                {"label":"K30 (D0,F0)", "x":0, "y":3, "w":1.25},
                {"label":"K31 (D0,F1)", "x":1.75, "y":3},
                {"label":"K32 (D0,F4)", "x":2.75, "y":3},
                {"label":"K33 (D0,F5)", "x":3.75, "y":3},
                {"label":"K34 (D0,F6)", "x":4.75, "y":3},
                {"label":"K35 (D0,F7)", "x":5.75, "y":3},
                {"label":"K36 (D0,D3)", "x":6.75, "y":3},
                {"label":"K37 (D0,D5)", "x":7.75, "y":3},
                {"label":"K38 (D0,D4)", "x":8.75, "y":3},
                {"label":"K39 (D0,D6)", "x":9.75, "y":3},
                {"label":"K3A (D0,D7)", "x":10.75, "y":3},
                {"label":"K3B (D0,B4)", "x":11.75, "y":3},
                {"label":"K3C (D0,B5)", "x":12.75, "y":3, "w":2.25},
                {"label":"K3F (D0,C7)", "x":15, "y":3},
                {"label":"K40 (D1,F0)", "x":0, "y":4, "w":1.25},
                {"label":"K41 (D1,F1)", "x":1.25, "y":4},
                {"label":"K42 (D1,F4)", "x":2.25, "y":4},
                {"label":"K43 (D1,F5)", "x":3.25, "y":4},
                {"label":"K44 (D1,F6)", "x":4.25, "y":4},
                {"label":"K45 (D1,F7)", "x":5.25, "y":4},
                {"label":"K46 (D1,D3)", "x":6.25, "y":4},
                {"label":"K47 (D1,D5)", "x":7.25, "y":4},
                {"label":"K48 (D1,D4)", "x":8.25, "y":4},
                {"label":"K49 (D1,D6)", "x":9.25, "y":4},
                {"label":"K4A (D1,D7)", "x":10.25, "y":4},
                {"label":"K4B (D1,B4)", "x":11.25, "y":4},
                {"label":"K4C (D1,B5)", "x":12.25, "y":4, "w":1.75},
                {"label":"K4E (D1,C6)", "x":14, "y":4},
                {"label":"K4F (D1,C7)", "x":15, "y":4},
                {"label":"K50 (D2,F0)", "x":0, "y":5, "w":1.25},
                {"label":"K51 (D2,F1)", "x":1.25, "y":5, "w":1.25},
                {"label":"K52 (D2,F4)", "x":2.5, "y":5, "w":1.25},
                {"label":"K56 (D2,D3)", "x":3.75, "y":5, "w":6.25},
                {"label":"K5A (D2,D7)", "x":10, "y":5, "w":1.25},
                {"label":"K5B (D2,B4)", "x":11.25, "y":5, "w":1.25},
                {"label":"K5D (D2,B6)", "x":13, "y":5},
                {"label":"K5E (D2,C6)", "x":14, "y":5},
                {"label":"K5F (D2,C7)", "x":15, "y":5}
            ]
        }
    }
    ,"meta": "https://noroadsleft.github.io/kbf_qmk_converter/"
}

